Transplant Type,Percentage
TOTAL Liver TX,24.10172219539675
TOTAL Kidney Tx,65.74408498309995
TOTAL Lung Tx,4.367616288427491
Total Heart TX,5.7865765330758085
